"","iso_code","continent","location","year","month","date","total_cases","new_cases","new_cases_smoothed","total_deaths","new_deaths","new_deaths_smoothed","total_cases_per_million","new_cases_per_million","new_cases_smoothed_per_million","total_deaths_per_million","new_deaths_per_million","new_deaths_smoothed_per_million","new_tests","total_tests","total_tests_per_thousand","new_tests_per_thousand","new_tests_smoothed","new_tests_smoothed_per_thousand","tests_per_case","positive_rate","tests_units","stringency_index","population","population_density","median_age","aged_65_older","aged_70_older","gdp_per_capita","extreme_poverty","cardiovasc_death_rate","diabetes_prevalence","female_smokers","male_smokers","handwashing_facilities","hospital_beds_per_thousand","life_expectancy","human_development_index"
"13069","ETH","Africa","Ethiopia",2020,7,13,7560,158,244.857,127,3,3.429,65.76,1.374,2.13,1.105,0.026,0.03,NA,NA,NA,NA,3993,0.035,16.307,0.061,"tests performed",80.56,114963583,104.957,19.8,3.526,2.063,1729.927,26.7,182.634,7.47,0.4,8.5,7.96,0.3,66.6,0.463
"31352","PAK","Asia","Pakistan",2020,8,23,292765,591,578.286,6235,4,9.571,1325.374,2.676,2.618,28.226,0.018,0.043,24956,2439858,11.045,0.113,23244,0.105,40.195,0.025,"tests performed",47.69,220892331,255.573,23.5,4.495,2.78,5034.708,4,423.031,8.35,2.8,36.7,59.607,0.6,67.27,0.562
"35051","SGP","Asia","Singapore",2020,7,5,44664,185,202.571,26,0,0,7634.424,31.622,34.626,4.444,0,0,NA,NA,NA,NA,7211,1.233,35.597,0.028,"people tested",53.7,5850343,7915.731,42.4,12.922,7.049,85535.383,NA,92.243,10.99,5.2,28.3,NA,2.4,83.62,0.932
"7630","CHN","Asia","China",2020,4,27,83912,3,13.571,4637,1,0.143,58.3,0.002,0.009,3.222,0.001,0,NA,NA,NA,NA,NA,NA,NA,NA,"",56.94,1439323774,147.674,38.7,10.641,5.929,15308.712,0.7,261.899,9.74,1.9,48.4,NA,4.34,76.91,0.752
"34833","SEN","Africa","Senegal",2020,8,15,11872,132,140.714,249,5,3.429,709.033,7.883,8.404,14.871,0.299,0.205,1886,132439,7.91,0.113,1621,0.097,11.52,0.087,"tests performed",32.41,16743930,82.328,18.7,3.008,1.796,2470.58,38,241.219,2.42,0.4,16.6,20.859,NA,67.94,0.505
"33079","PSE","Asia","Palestine",2020,7,8,5092,306,332.429,22,1,1.857,998.154,59.983,65.164,4.313,0.196,0.364,NA,NA,NA,NA,NA,NA,NA,NA,"",83.33,5101416,778.202,20.4,3.043,1.726,4449.898,1,265.91,10.59,NA,NA,NA,NA,74.05,0.686
"30471","NPL","Asia","Nepal",2020,5,11,120,11,6.429,0,0,0,4.119,0.378,0.221,0,0,0,911,17809,0.611,0.031,596,0.02,92.711,0.011,"tests performed",92.59,29136808,204.43,25,5.809,3.212,2442.804,15,260.797,7.26,9.5,37.8,47.782,0.3,70.78,0.574
"24097","LKA","Asia","Sri Lanka",2020,6,8,1835,21,28.857,11,0,0.143,85.695,0.981,1.348,0.514,0,0.007,1766,78723,3.676,0.082,1757,0.082,60.886,0.016,"tests performed",60.19,21413250,341.955,34.1,10.069,5.331,11669.077,0.7,197.093,10.68,0.3,27,NA,3.6,76.98,0.77
"26203","MEX","North America","Mexico",2020,5,10,33460,1938,1624.571,3353,193,184.571,259.515,15.031,12.6,26.006,1.497,1.432,2704,136574,1.059,0.021,4928,0.038,3.033,0.33,"people tested",82.41,128932753,66.444,29.3,6.857,4.321,17336.469,2.5,152.783,13.06,6.9,21.4,87.847,1.38,75.05,0.774
"39392","TUN","Africa","Tunisia",2020,6,10,1087,0,0.143,49,0,0.143,91.974,0,0.012,4.146,0,0.012,1063,53909,4.561,0.09,446,0.038,3122,0,"tests performed",29.63,11818618,74.228,32.7,8.001,5.075,10849.297,2,318.991,8.52,1.1,65.8,78.687,2.3,76.7,0.735
"7608","CHN","Asia","China",2020,4,5,82575,48,73.714,3333,3,4.143,57.371,0.033,0.051,2.316,0.002,0.003,NA,NA,NA,NA,NA,NA,NA,NA,"",69.91,1439323774,147.674,38.7,10.641,5.929,15308.712,0.7,261.899,9.74,1.9,48.4,NA,4.34,76.91,0.752
"39898","TWN","Asia","Taiwan",2020,8,11,480,0,0.571,7,0,0,20.154,0,0.024,0.294,0,0,147,83823,3.519,0.006,186,0.008,325.5,0.003,"people tested",19.44,23816775,NA,42.2,NA,8.353,NA,NA,103.957,NA,NA,NA,NA,NA,80.46,NA
"36366","STP","Africa","Sao Tome and Principe",2020,7,9,724,0,1.286,13,0,0,3303.507,0,5.867,59.317,0,0,NA,NA,NA,NA,NA,NA,NA,NA,"",NA,219161,212.841,18.7,2.886,2.162,3052.714,32.3,270.113,2.42,NA,NA,41.34,2.9,70.39,0.589
"39868","TWN","Asia","Taiwan",2020,7,12,451,0,0.286,7,0,0,18.936,0,0.012,0.294,0,0,126,78619,3.301,0.005,150,0.006,525,0.002,"people tested",19.44,23816775,NA,42.2,NA,8.353,NA,NA,103.957,NA,NA,NA,NA,NA,80.46,NA
"11291","DOM","North America","Dominican Republic",2020,8,2,71415,1766,1502.714,1170,10,16.429,6583.299,162.796,138.526,107.855,0.922,1.514,1685,268529,24.754,0.155,3412,0.315,2.271,0.44,"samples tested",78.7,10847904,222.873,27.6,6.981,4.419,14600.861,1.6,266.653,8.2,8.5,19.1,55.182,1.6,74.08,0.736
"6953","CAN","North America","Canada",2020,6,1,90936,757,892.571,7295,222,124.429,2409.401,20.057,23.649,193.285,5.882,3.297,28255,1691297,44.812,0.749,30219,0.801,33.856,0.03,"people tested",70.83,37742157,4.037,41.4,16.984,10.797,44017.591,0.5,105.599,7.37,12,16.6,NA,2.5,82.43,0.926
"5327","BMU","North America","Bermuda",2020,5,18,123,0,0.714,9,0,0.286,1975.174,0,11.47,144.525,0,4.588,NA,NA,NA,NA,NA,NA,NA,NA,"",72.22,62273,1308.82,NA,NA,NA,50669.315,NA,139.547,13,NA,NA,NA,NA,82.59,NA
"22963","LBN","Asia","Lebanon",2020,1,14,0,0,0,0,0,0,0,0,0,0,0,0,NA,NA,NA,NA,NA,NA,NA,NA,"",0,6825442,594.561,31.1,8.514,5.43,13367.565,NA,266.591,12.71,26.9,40.7,NA,2.9,78.93,0.757
"26114","MEX","North America","Mexico",2020,2,11,0,0,0,0,0,0,0,0,0,0,0,0,49,1360,0.011,0,37,0,NA,0,"people tested",0,128932753,66.444,29.3,6.857,4.321,17336.469,2.5,152.783,13.06,6.9,21.4,87.847,1.38,75.05,0.774
"35941","SRB","Europe","Serbia",2020,3,27,384,81,36.857,3,1,0.429,56.432,11.904,5.417,0.441,0.147,0.063,259,1715,0.252,0.038,161,0.024,4.368,0.229,"people tested",100,6804596,80.291,41.2,17.366,NA,14048.881,NA,439.415,10.08,37.7,40.2,97.719,5.609,76,0.787
"22675","KWT","Asia","Kuwait",2020,6,7,31131,487,705.571,254,10,7,7289.671,114.036,165.217,59.477,2.342,1.639,3661,315285,73.828,0.857,3132,0.733,4.439,0.225,"tests performed",84.26,4270563,232.128,33.7,2.345,1.114,65530.537,NA,132.235,15.84,2.7,37,NA,2,75.49,0.803
"40931","UZB","Asia","Uzbekistan",2020,3,22,33,0,4.714,0,0,0,0.986,0,0.141,0,0,0,NA,NA,NA,NA,NA,NA,NA,NA,"",63.89,33469199,76.134,28.2,4.469,2.873,6253.104,NA,724.417,7.57,1.3,24.7,NA,4,71.72,0.71
"20625","JAM","North America","Jamaica",2020,9,4,2896,74,146.571,29,2,1.429,977.995,24.99,49.498,9.793,0.675,0.482,NA,NA,NA,NA,NA,NA,NA,NA,"",78.7,2961161,266.879,31.4,9.684,6.39,8193.571,NA,206.537,11.28,5.3,28.6,66.425,1.7,74.47,0.732
"13768","FLK","South America","Falkland Islands",2020,8,29,13,0,0,0,0,0,3732.415,0,0,0,0,0,NA,NA,NA,NA,NA,NA,NA,NA,"",19.44,3483,NA,NA,NA,NA,NA,NA,NA,NA,NA,NA,NA,NA,81.44,NA
"38472","TGO","Africa","Togo",2020,7,10,704,9,5.286,15,0,0.143,85.037,1.087,0.638,1.812,0,0.017,509,34627,4.183,0.061,335,0.04,63.378,0.016,"tests performed",53.7,8278737,143.366,19.4,2.839,1.525,1429.813,49.2,280.033,6.15,0.9,14.2,10.475,0.7,61.04,0.503
"27249","MNE","Europe","Montenegro",2020,6,13,324,0,0,9,0,0,515.873,0,0,14.33,0,0,NA,NA,NA,NA,NA,NA,NA,NA,"",NA,628062,46.28,39.1,14.762,9.395,16409.288,1,387.305,10.08,44,47.9,NA,3.861,76.88,0.814
"26515","MKD","Europe","Macedonia",2020,7,2,6470,120,145.714,306,4,6.714,3105.53,57.599,69.941,146.877,1.92,3.223,NA,NA,NA,NA,NA,NA,NA,NA,"",NA,2083380,82.6,39.1,13.26,8.16,13111.214,5,322.688,10.08,NA,NA,NA,4.28,75.8,0.757
"18621","IMN","Europe","Isle of Man",2020,8,30,336,0,0,24,0,0,3951.454,0,0,282.247,0,0,NA,NA,NA,NA,NA,NA,NA,NA,"",NA,85032,147.872,NA,NA,NA,NA,NA,NA,NA,NA,NA,NA,NA,81.4,NA
"5497","BOL","South America","Bolivia",2020,5,1,1167,57,66.286,62,3,2.714,99.974,4.883,5.679,5.311,0.257,0.233,424,6975,0.598,0.036,240,0.021,3.621,0.276,"tests performed",96.3,11673029,10.202,25.4,6.704,4.393,6885.829,7.1,204.299,6.89,NA,NA,25.383,1.1,71.51,0.693
"40456","UKR","Europe","Ukraine",2020,8,20,96403,1967,1466.143,2144,28,21.714,2204.315,44.977,33.524,49.024,0.64,0.497,21698,1356698,31.022,0.496,17539,0.401,11.963,0.084,"tests performed",54.17,43733759,77.39,41.4,16.462,11.133,7894.393,0.1,539.849,7.11,13.5,47.4,NA,8.8,72.06,0.751
"23285","LBR","Africa","Liberia",2020,6,2,296,8,4.429,27,0,0.143,58.525,1.582,0.876,5.338,0,0.028,NA,NA,NA,NA,NA,NA,NA,NA,"",84.26,5057677,49.127,19.2,3.057,1.756,752.788,38.6,272.509,2.42,1.5,18.1,1.188,0.8,64.1,0.435
"25578","MDA","Europe","Moldova",2020,5,11,4927,60,115.143,169,8,6.286,1221.38,14.874,28.543,41.894,1.983,1.558,NA,NA,NA,NA,NA,NA,NA,NA,"",84.26,4033963,123.655,37.6,10.864,6.955,5189.972,0.2,408.502,5.72,5.9,44.6,86.979,5.8,71.9,0.7
"30700","NZL","Oceania","New Zealand",2020,4,11,1035,20,30.143,4,2,0.429,214.631,4.147,6.251,0.829,0.415,0.089,2421,61167,12.684,0.502,3523,0.731,116.877,0.009,"tests performed",96.3,4822233,18.206,37.9,15.322,9.72,36085.843,NA,128.797,8.08,14.8,17.2,NA,2.61,82.29,0.917
"2790","AZE","Asia","Azerbaijan",2020,7,5,19801,534,558.714,241,6,6.857,1952.92,52.667,55.105,23.769,0.592,0.676,NA,NA,NA,NA,NA,NA,NA,NA,"",96.3,10139175,119.309,32.4,6.018,3.871,15847.419,NA,559.812,7.11,0.3,42.5,83.241,4.7,73,0.757
"14956","GGY","Europe","Guernsey",2020,4,5,136,22,13.857,2,0,0.286,2028.277,328.104,206.663,29.828,0,4.261,NA,NA,NA,NA,NA,NA,NA,NA,"",NA,67052,NA,NA,NA,NA,NA,NA,NA,NA,NA,NA,NA,NA,NA,NA
"10208","DEU","Europe","Germany",2020,1,6,0,0,0,0,0,0,0,0,0,0,0,0,NA,NA,NA,NA,NA,NA,NA,NA,"",0,83783945,237.016,46.6,21.453,15.957,45229.245,NA,156.139,8.31,28.2,33.1,NA,8,81.33,0.936
"6255","BRN","Asia","Brunei",2020,9,8,145,0,0.143,3,0,0,331.441,0,0.327,6.857,0,0,NA,NA,NA,NA,NA,NA,NA,NA,"",NA,437483,81.347,32.4,4.591,2.382,71809.251,NA,201.285,12.79,2,30.9,NA,2.7,75.86,0.853
"29028","NCL","Oceania","New Caledonia",2020,3,23,5,1,NA,0,0,NA,17.514,3.503,NA,0,0,NA,NA,NA,NA,NA,NA,NA,NA,NA,"",NA,285491,15.342,33.4,9.954,6.489,NA,NA,NA,23.36,NA,NA,NA,NA,77.55,NA
"18018","HUN","Europe","Hungary",2020,3,17,50,11,5.857,1,0,0.143,5.176,1.139,0.606,0.104,0,0.015,117,1587,0.164,0.012,151,0.016,25.78,0.039,"tests performed",67.59,9660350,108.043,43.4,18.577,11.976,26777.561,0.5,278.296,7.55,26.8,34.8,NA,7.02,76.88,0.838
"2682","AZE","Asia","Azerbaijan",2020,3,19,34,6,3,0,0,0,3.353,0.592,0.296,0,0,0,NA,NA,NA,NA,NA,NA,NA,NA,"",61.11,10139175,119.309,32.4,6.018,3.871,15847.419,NA,559.812,7.11,0.3,42.5,83.241,4.7,73,0.757
"14551","GBR","Europe","United Kingdom",2020,5,8,199404,3827,3830.286,30321,458,519.714,2937.336,56.374,56.422,446.646,6.747,7.656,76741,1420462,20.924,1.13,71111,1.048,18.565,0.054,"tests performed",79.63,67886004,272.898,40.8,18.517,12.527,39753.244,0.2,122.137,4.28,20,24.7,NA,2.54,81.32,0.922
"18876","IND","Asia","India",2020,8,26,3234474,67151,66743,59449,1059,937.143,2343.814,48.66,48.364,43.079,0.767,0.679,924998,38576510,27.954,0.67,845037,0.612,12.661,0.079,"samples tested",79.63,1380004385,450.419,28.2,5.989,3.414,6426.674,21.2,282.28,10.39,1.9,20.6,59.55,0.53,69.66,0.64
"4244","BHR","Asia","Bahrain",2020,2,7,0,0,0,0,0,0,0,0,0,0,0,0,NA,NA,NA,NA,NA,NA,NA,NA,"",11.11,1701583,1935.907,32.4,2.372,1.387,43290.705,NA,151.689,16.52,5.8,37.6,NA,2,77.29,0.846
"6988","CAN","North America","Canada",2020,7,6,105524,219,326.429,8684,10,23.143,2795.919,5.803,8.649,230.088,0.265,0.613,25971,2940849,77.919,0.688,37746,1,115.633,0.009,"people tested",68.98,37742157,4.037,41.4,16.984,10.797,44017.591,0.5,105.599,7.37,12,16.6,NA,2.5,82.43,0.926
"39027","TLS","Asia","Timor",2020,6,22,24,0,0,0,0,0,18.203,0,0,0,0,0,NA,NA,NA,NA,NA,NA,NA,NA,"",30.56,1318442,87.176,18,3.556,1.897,6570.102,30.3,335.346,6.86,6.3,78.1,28.178,5.9,69.5,0.625
"19314","IRN","Asia","Iran",2020,6,7,169425,2269,2925,8209,75,67.857,2017.134,27.014,34.824,97.734,0.893,0.808,24731,1084857,12.916,0.294,21280,0.253,7.275,0.137,"tests performed",48.15,83992953,49.831,32.4,5.44,3.182,19082.62,0.2,270.308,9.59,0.8,21.1,NA,1.5,76.68,0.798
"34687","SEN","Africa","Senegal",2020,3,22,56,9,5,0,0,0,3.344,0.538,0.299,0,0,0,85,331,0.02,0.005,39,0.002,7.8,0.128,"tests performed",50,16743930,82.328,18.7,3.008,1.796,2470.58,38,241.219,2.42,0.4,16.6,20.859,NA,67.94,0.505
"9996","CZE","Europe","Czech Republic",2020,2,22,0,0,0,0,0,0,0,0,0,0,0,0,NA,83,0.008,NA,1,0,NA,0,"tests performed",16.67,10708982,137.176,43.3,19.027,11.58,32605.906,NA,227.485,6.82,30.5,38.3,NA,6.63,79.38,0.888
"9070","CRI","North America","Costa Rica",2020,4,26,693,6,5.429,6,0,0.286,136.039,1.178,1.066,1.178,0,0.056,37,8932,1.753,0.007,163,0.032,NA,NA,"people tested (incl. non-PCR)",75.93,5094114,96.079,33.6,9.468,5.694,15524.995,1.3,137.973,8.78,6.4,17.4,83.841,1.13,80.28,0.794
"30440","NPL","Asia","Nepal",2020,4,10,9,0,0.571,0,0,0,0.309,0,0.02,0,0,0,630,3525,0.121,0.022,317,0.011,554.75,0.002,"tests performed",96.3,29136808,204.43,25,5.809,3.212,2442.804,15,260.797,7.26,9.5,37.8,47.782,0.3,70.78,0.574
"20927","JOR","Asia","Jordan",2020,6,27,1104,18,13.714,9,0,0,108.202,1.764,1.344,0.882,0,0,NA,NA,NA,NA,NA,NA,NA,NA,"",48.15,10203140,109.285,23.2,3.81,2.361,8337.49,0.1,208.257,11.75,NA,NA,NA,1.4,74.53,0.735
"4127","BGR","Europe","Bulgaria",2020,6,28,4625,112,107.571,216,1,2.429,665.617,16.119,15.481,31.086,0.144,0.35,1528,132571,19.079,0.22,2296,0.33,21.344,0.047,"tests performed",36.11,6948445,65.18,44.7,20.801,13.272,18563.307,1.5,424.688,5.81,30.1,44.4,NA,7.454,75.05,0.813
"32818","PRY","South America","Paraguay",2020,4,30,249,10,5.143,9,0,0,34.91,1.402,0.721,1.262,0,0,449,9903,1.388,0.063,427,0.06,83.028,0.012,"tests performed",94.44,7132530,17.144,26.5,6.378,3.833,8827.01,1.7,199.128,8.27,5,21.6,79.602,1.3,74.25,0.702
"1161","AND","Europe","Andorra",2020,9,5,1215,16,13,53,0,0,15725.102,207.08,168.252,685.951,0,0,NA,NA,NA,NA,NA,NA,NA,NA,"",NA,77265,163.755,NA,NA,NA,NA,NA,109.135,7.97,29,37.8,NA,NA,83.73,0.858
"25973","MDV","Asia","Maldives",2020,6,8,1903,2,18.571,8,1,0.429,3520.54,3.7,34.357,14.8,1.85,0.793,NA,NA,NA,NA,812,1.502,43.723,0.023,"samples tested",NA,540542,1454.433,30.6,4.12,2.875,15183.616,NA,164.905,9.19,2.1,55,95.803,NA,78.92,0.717
"34302","SAU","Asia","Saudi Arabia",2020,3,19,171,38,18,0,0,0,4.912,1.092,0.517,0,0,0,NA,NA,NA,NA,NA,NA,NA,NA,"",68.52,34813867,15.322,31.9,3.295,1.845,49045.411,NA,259.538,17.72,1.8,25.4,NA,2.7,75.13,0.853
"27462","MNG","Asia","Mongolia",2020,7,11,227,0,1,0,0,0,69.243,0,0.305,0,0,0,NA,NA,NA,NA,NA,NA,NA,NA,"",60.19,3278292,1.98,28.6,4.031,2.421,11840.846,0.5,460.043,4.82,5.5,46.5,71.18,7,69.87,0.741
"13947","FRA","Europe","France",2020,6,10,154591,403,466.571,29296,87,50.857,2368.357,6.174,7.148,448.819,1.333,0.779,38187,NA,NA,0.585,32918,0.504,70.553,0.014,"people tested",72.22,65273512,122.578,42,19.718,13.079,38605.671,NA,86.06,4.77,30.1,35.6,NA,5.98,82.66,0.901
"10185","CZE","Europe","Czech Republic",2020,8,29,23777,477,318,419,1,1.143,2220.286,44.542,29.695,39.126,0.093,0.107,6568,899418,83.987,0.613,7708,0.72,24.239,0.041,"tests performed",36.11,10708982,137.176,43.3,19.027,11.58,32605.906,NA,227.485,6.82,30.5,38.3,NA,6.63,79.38,0.888
"41443","VCT","North America","Saint Vincent and the Grenadines",2020,8,13,57,0,0.143,0,0,0,513.759,0,1.288,0,0,0,NA,NA,NA,NA,NA,NA,NA,NA,"",NA,110947,281.787,31.8,7.724,4.832,10727.146,NA,252.675,11.62,NA,NA,NA,2.6,72.53,0.723
"9246","CUB","North America","Cuba",2020,4,18,923,61,51.286,31,4,2.286,81.489,5.386,4.528,2.737,0.353,0.202,1770,26982,2.382,0.156,1704,0.15,33.226,0.03,"tests performed",83.33,11326616,110.408,43.1,14.738,9.719,NA,NA,190.968,8.27,17.1,53.3,85.198,5.2,78.8,0.777
"17718","HRV","Europe","Croatia",2020,5,30,2245,0,0.286,103,1,0.571,546.858,0,0.07,25.09,0.244,0.139,635,66144,16.112,0.155,754,0.184,2639,0,"people tested",50.93,4105268,73.726,44,19.724,13.053,22669.797,0.7,253.782,5.59,34.3,39.9,NA,5.54,78.49,0.831
"8803","COM","Africa","Comoros",2020,8,6,388,0,1.429,7,0,0,446.185,0,1.643,8.05,0,0,NA,NA,NA,NA,NA,NA,NA,NA,"",NA,869595,437.352,20.4,2.963,1.726,1413.89,18.1,261.516,11.88,4.4,23.6,15.574,2.2,64.32,0.503
"23591","LCA","North America","Saint Lucia",2020,4,11,15,1,0.286,0,0,0,81.686,5.446,1.556,0,0,0,NA,NA,NA,NA,NA,NA,NA,NA,"",NA,183629,293.187,34.9,9.721,6.405,12951.839,NA,204.62,11.62,NA,NA,87.202,1.3,76.2,0.747
"6354","BTN","Asia","Bhutan",2020,6,11,62,3,2.143,0,0,0,80.351,3.888,2.777,0,0,0,NA,NA,NA,NA,NA,NA,NA,NA,"",83.33,771612,21.188,28.6,4.885,2.977,8708.597,1.5,217.066,9.75,NA,NA,79.807,1.7,71.78,0.612
"6856","CAN","North America","Canada",2020,2,25,11,2,0.429,0,0,0,0.291,0.053,0.011,0,0,0,NA,NA,NA,NA,NA,NA,NA,NA,"",2.78,37742157,4.037,41.4,16.984,10.797,44017.591,0.5,105.599,7.37,12,16.6,NA,2.5,82.43,0.926
"27565","MNP","Oceania","Northern Mariana Islands",2020,5,7,15,1,0.143,2,0,0,260.611,17.374,2.482,34.748,0,0,NA,NA,NA,NA,NA,NA,NA,NA,"",NA,57557,119.878,NA,NA,NA,NA,NA,194.994,NA,NA,NA,NA,NA,76.74,NA
"20276","ITA","Europe","Italy",2020,3,25,69176,5249,5381.429,6820,743,616.429,1144.127,86.815,89.005,112.798,12.289,10.195,NA,NA,NA,NA,NA,NA,NA,NA,"",91.67,60461828,205.859,47.9,23.021,16.24,35220.084,2,113.151,4.78,19.8,27.8,NA,3.18,83.51,0.88
"6653","CAF","Africa","Central African Republic",2020,4,21,12,0,0.143,0,0,0,2.485,0,0.03,0,0,0,NA,NA,NA,NA,NA,NA,NA,NA,"",68.52,4829764,7.479,18.3,3.655,2.251,661.24,NA,435.727,6.1,NA,NA,16.603,1,53.28,0.367
"17429","HND","North America","Honduras",2020,4,30,771,33,36,71,5,3.429,77.843,3.332,3.635,7.168,0.505,0.346,NA,NA,NA,NA,NA,NA,NA,NA,"",100,9904608,82.805,24.9,4.652,2.883,4541.795,16,240.208,7.21,2,NA,84.169,0.7,75.27,0.617
"35740","SOM","Africa","Somalia",2020,3,28,3,1,0.286,0,0,0,0.189,0.063,0.018,0,0,0,NA,NA,NA,NA,NA,NA,NA,NA,"",52.78,15893219,23.5,16.8,2.731,1.496,NA,NA,365.769,6.05,NA,NA,9.831,0.9,57.4,NA
"43483","","","International",2020,2,5,10,10,1.429,0,0,0,NA,NA,NA,NA,NA,NA,NA,NA,NA,NA,NA,NA,NA,NA,"",NA,NA,NA,NA,NA,NA,NA,NA,NA,NA,NA,NA,NA,NA,NA,NA
"38746","THA","Asia","Thailand",2020,7,25,3282,3,5.143,58,0,0,47.02,0.043,0.074,0.831,0,0,2200,364062,5.216,0.032,2491,0.036,484.361,0.002,"people tested",49.07,69799978,135.132,40.1,11.373,6.89,16277.671,0.1,109.861,7.04,1.9,38.8,90.67,2.1,77.15,0.755
"20169","ISR","Asia","Israel",2020,8,24,103151,1071,1495.857,834,15,21.286,11917.337,123.736,172.821,96.354,1.733,2.459,30133,2285863,264.092,3.481,23846,2.755,15.941,0.063,"tests performed",34.26,8655541,402.606,30.6,11.733,7.359,33132.32,0.5,93.32,6.74,15.4,35.4,NA,2.99,82.97,0.903
"26801","MLT","Europe","Malta",2020,3,15,19,1,2.286,0,0,0,43.031,2.265,5.177,0,0,0,130,1473,3.336,0.294,133,0.301,58.188,0.017,"tests performed",NA,441539,1454.037,42.4,19.426,11.324,36513.323,0.2,168.711,8.83,20.9,30.2,NA,4.485,82.53,0.878
"40127","UGA","Africa","Uganda",2020,4,3,45,1,4.429,0,0,0,0.984,0.022,0.097,0,0,0,NA,NA,NA,NA,NA,NA,NA,NA,"samples tested",93.52,45741000,213.759,16.4,2.168,1.308,1697.707,41.6,213.333,2.5,3.4,16.7,21.222,0.5,63.37,0.516
"2386","AUT","Europe","Austria",2020,2,11,0,0,0,0,0,0,0,0,0,0,0,0,NA,NA,NA,NA,NA,NA,NA,NA,"",0,9006400,106.749,44.4,19.202,13.748,45436.686,0.7,145.183,6.35,28.4,30.9,NA,7.37,81.54,0.908
"41138","VAT","Europe","Vatican",2020,4,11,8,0,0.143,0,0,0,9888.752,0,176.585,0,0,0,NA,NA,NA,NA,NA,NA,NA,NA,"",NA,809,NA,NA,NA,NA,NA,NA,NA,NA,NA,NA,NA,NA,75.12,NA
"8700","COL","South America","Colombia",2020,9,8,671848,5327,8097.143,21615,203,278.857,13203.811,104.691,159.133,424.799,3.99,5.48,21479,2819479,55.411,0.422,24540,0.482,3.031,0.33,"samples tested",NA,50882884,44.223,32.2,7.646,4.312,13254.949,4.5,124.24,7.44,4.7,13.5,65.386,1.71,77.29,0.747
"34929","SGP","Asia","Singapore",2020,3,5,112,2,2.714,0,0,0,19.144,0.342,0.464,0,0,0,NA,NA,NA,NA,NA,NA,NA,NA,"",25,5850343,7915.731,42.4,12.922,7.049,85535.383,NA,92.243,10.99,5.2,28.3,NA,2.4,83.62,0.932
"22437","KOR","Asia","South Korea",2020,6,28,12715,62,42,282,0,0.286,248.005,1.209,0.819,5.5,0,0.006,8776,1232690,24.043,0.171,10900,0.213,259.524,0.004,"people tested",56.94,51269183,527.967,43.4,13.914,8.622,35938.374,0.2,85.998,6.8,6.2,40.9,NA,12.27,83.03,0.903
"24012","LKA","Asia","Sri Lanka",2020,3,15,11,5,1.429,0,0,0,0.514,0.234,0.067,0,0,0,65,273,0.013,0.003,31,0.001,21.7,0.046,"tests performed",49.07,21413250,341.955,34.1,10.069,5.331,11669.077,0.7,197.093,10.68,0.3,27,NA,3.6,76.98,0.77
"39260","TTO","North America","Trinidad and Tobago",2020,8,8,225,15,8,8,0,0,160.773,10.718,5.716,5.716,0,0,NA,NA,NA,NA,NA,NA,NA,NA,"",60.19,1399491,266.886,36.2,10.014,5.819,28763.071,NA,228.467,10.97,NA,NA,89.443,3,73.51,0.784
"26339","MKD","Europe","Macedonia",2020,1,8,0,0,0,0,0,0,0,0,0,0,0,0,NA,NA,NA,NA,NA,NA,NA,NA,"",NA,2083380,82.6,39.1,13.26,8.16,13111.214,5,322.688,10.08,NA,NA,NA,4.28,75.8,0.757
"38710","THA","Asia","Thailand",2020,6,19,3141,0,2.286,58,0,0,45,0,0.033,0.831,0,0,3511,288088,4.127,0.05,3783,0.054,1655.062,0.001,"people tested",59.26,69799978,135.132,40.1,11.373,6.89,16277.671,0.1,109.861,7.04,1.9,38.8,90.67,2.1,77.15,0.755
"43241","OWID_WRL","","World",2020,2,22,77805,1085,1528.714,2359,112,118.857,9.982,0.139,0.196,0.303,0.014,0.015,NA,NA,NA,NA,NA,NA,NA,NA,"",NA,7794798729,58.045,30.9,8.696,5.355,15469.207,10,233.07,8.51,6.434,34.635,60.13,2.705,72.58,NA
"3884","BGD","Asia","Bangladesh",2020,5,5,10143,688,604.286,182,5,4.286,61.589,4.178,3.669,1.105,0.03,0.026,5705,93403,0.567,0.035,5524,0.034,9.141,0.109,"samples tested",89.81,164689383,1265.036,27.5,5.098,3.262,3523.984,14.8,298.003,8.38,1,44.7,34.808,0.8,72.59,0.608
"29024","NAM","Africa","Namibia",2020,9,13,9604,167,155.714,98,0,1.571,3779.739,65.724,61.283,38.569,0,0.618,NA,NA,NA,NA,NA,NA,NA,NA,"",NA,2540916,3.078,22,3.552,2.085,9541.808,13.4,243.811,3.94,9.7,34.2,44.6,NA,63.71,0.647
"5680","BRA","South America","Brazil",2020,2,15,0,0,0,0,0,0,0,0,0,0,0,0,NA,NA,NA,NA,NA,NA,NA,NA,"",5.56,212559409,25.04,33.5,8.552,5.06,14103.452,3.4,177.961,8.11,10.1,17.9,NA,2.2,75.88,0.759
"12144","ERI","Africa","Eritrea",2020,4,23,39,0,0.571,0,0,0,10.997,0,0.161,0,0,0,NA,NA,NA,NA,NA,NA,NA,NA,"",93.52,3546427,44.304,19.3,3.607,2.171,1510.459,NA,311.11,6.05,0.2,11.4,NA,0.7,66.32,0.44
"30505","NPL","Asia","Nepal",2020,6,14,5335,273,346.143,18,2,1,183.102,9.37,11.88,0.618,0.069,0.034,6089,133377,4.578,0.209,5310,0.182,15.34,0.065,"tests performed",92.59,29136808,204.43,25,5.809,3.212,2442.804,15,260.797,7.26,9.5,37.8,47.782,0.3,70.78,0.574
"4288","BHR","Asia","Bahrain",2020,3,22,306,21,13.571,1,0,0.143,179.833,12.341,7.976,0.588,0,0.084,NA,NA,NA,NA,1684,0.99,124.084,0.008,"units unclear",69.44,1701583,1935.907,32.4,2.372,1.387,43290.705,NA,151.689,16.52,5.8,37.6,NA,2,77.29,0.846
"1906","ATG","North America","Antigua and Barbuda",2020,3,15,1,1,NA,0,0,NA,10.212,10.212,NA,0,0,NA,NA,NA,NA,NA,NA,NA,NA,NA,"",NA,97928,231.845,32.1,6.933,4.631,21490.943,NA,191.511,13.17,NA,NA,NA,3.8,77.02,0.78
"23854","LIE","Europe","Liechtenstein",2020,6,24,83,0,0,1,0,0,2176.364,0,0,26.221,0,0,NA,NA,NA,NA,NA,NA,NA,NA,"",NA,38137,237.012,NA,NA,NA,NA,NA,NA,7.77,NA,NA,NA,2.397,82.49,0.916
"30695","NZL","Oceania","New Zealand",2020,4,6,911,39,51.286,1,0,0,188.917,8.088,10.635,0.207,0,0,2908,43126,8.943,0.603,3063,0.635,59.724,0.017,"tests performed",96.3,4822233,18.206,37.9,15.322,9.72,36085.843,NA,128.797,8.08,14.8,17.2,NA,2.61,82.29,0.917
"33486","QAT","Asia","Qatar",2020,6,6,65495,1754,1798.286,49,4,1.857,22732.952,608.804,624.175,17.008,1.388,0.645,5029,251391,87.256,1.746,4772,1.656,2.654,0.377,"people tested",83.33,2881060,227.322,31.9,1.307,0.617,116935.6,NA,176.69,16.52,0.8,26.9,NA,1.2,80.23,0.856
"19300","IRN","Asia","Iran",2020,5,24,133521,1869,2161.286,7359,59,60.286,1589.669,22.252,25.732,87.614,0.702,0.718,19233,800519,9.531,0.229,16226,0.193,7.508,0.133,"tests performed",52.78,83992953,49.831,32.4,5.44,3.182,19082.62,0.2,270.308,9.59,0.8,21.1,NA,1.5,76.68,0.798
"26931","MLT","Europe","Malta",2020,7,23,678,1,0.714,9,0,0,1535.538,2.265,1.618,20.383,0,0,931,117840,266.885,2.109,898,2.034,1257.2,0.001,"tests performed",NA,441539,1454.037,42.4,19.426,11.324,36513.323,0.2,168.711,8.83,20.9,30.2,NA,4.485,82.53,0.878
"1092","AND","Europe","Andorra",2020,6,28,855,0,0,52,0,0,11065.812,0,0,673.008,0,0,NA,NA,NA,NA,NA,NA,NA,NA,"",38.89,77265,163.755,NA,NA,NA,NA,NA,109.135,7.97,29,37.8,NA,NA,83.73,0.858
"26788","MLT","Europe","Malta",2020,3,2,NA,NA,NA,NA,NA,NA,NA,NA,NA,NA,NA,NA,5,169,0.383,0.011,18,0.041,NA,NA,"tests performed",NA,441539,1454.037,42.4,19.426,11.324,36513.323,0.2,168.711,8.83,20.9,30.2,NA,4.485,82.53,0.878
"9171","CRI","North America","Costa Rica",2020,8,5,19837,435,499,181,10,8,3894.102,85.393,97.956,35.531,1.963,1.57,1799,85339,16.752,0.353,1742,0.342,NA,NA,"people tested (incl. non-PCR)",62.96,5094114,96.079,33.6,9.468,5.694,15524.995,1.3,137.973,8.78,6.4,17.4,83.841,1.13,80.28,0.794
"42213","VNM","Asia","Vietnam",2020,7,24,412,4,5.571,0,0,0,4.233,0.041,0.057,0,0,0,NA,NA,NA,NA,NA,NA,NA,NA,"",51.85,97338583,308.127,32.6,7.15,4.718,6171.884,2,245.465,6,1,45.9,85.847,2.6,75.4,0.694
"30034","NLD","Europe","Netherlands",2020,7,31,53963,342,222.714,6140,0,0.143,3149.308,19.959,12.998,358.334,0,0.008,NA,NA,NA,NA,17094,0.998,76.753,0.013,"people tested",39.81,17134873,508.544,43.2,18.779,11.881,48472.545,NA,109.361,5.29,24.4,27.3,NA,3.32,82.28,0.931
"14032","FRA","Europe","France",2020,9,3,293024,7017,5633.857,30686,25,20.286,4489.172,107.501,86.312,470.114,0.383,0.311,167136,NA,NA,2.561,135699,2.079,24.086,0.042,"people tested",NA,65273512,122.578,42,19.718,13.079,38605.671,NA,86.06,4.77,30.1,35.6,NA,5.98,82.66,0.901
"38770","THA","Asia","Thailand",2020,8,18,3378,0,3.857,58,0,0,48.395,0,0.055,0.831,0,0,1868,397276,5.692,0.027,1147,0.016,297.37,0.003,"people tested",46.3,69799978,135.132,40.1,11.373,6.89,16277.671,0.1,109.861,7.04,1.9,38.8,90.67,2.1,77.15,0.755
"42507","YEM","Asia","Yemen",2020,6,5,453,50,25,103,15,6.571,15.188,1.676,0.838,3.453,0.503,0.22,NA,NA,NA,NA,NA,NA,NA,NA,"",58.33,29825968,53.508,20.3,2.922,1.583,1479.147,18.8,495.003,5.35,7.6,29.2,49.542,0.7,66.12,0.452
"7794","CIV","Africa","Cote d'Ivoire",2020,4,6,261,16,13.714,3,1,0.286,9.895,0.607,0.52,0.114,0.038,0.011,NA,NA,NA,NA,NA,NA,NA,NA,"",80.56,26378275,76.399,18.7,2.933,1.582,3601.006,28.2,303.74,2.42,NA,NA,19.351,NA,57.78,0.492
"42517","YEM","Asia","Yemen",2020,6,15,728,23,34.571,164,4,7.429,24.408,0.771,1.159,5.499,0.134,0.249,NA,NA,NA,NA,NA,NA,NA,NA,"",58.33,29825968,53.508,20.3,2.922,1.583,1479.147,18.8,495.003,5.35,7.6,29.2,49.542,0.7,66.12,0.452
"13651","FLK","South America","Falkland Islands",2020,5,4,13,0,0,0,0,0,3732.415,0,0,0,0,0,NA,NA,NA,NA,NA,NA,NA,NA,"",75.93,3483,NA,NA,NA,NA,NA,NA,NA,NA,NA,NA,NA,NA,81.44,NA
"32406","PRI","North America","Puerto Rico",2020,4,8,573,60,47.714,23,2,2.143,200.291,20.973,16.678,8.04,0.699,0.749,NA,NA,NA,NA,NA,NA,NA,NA,"",93.52,2860840,376.232,38.2,15.168,9.829,35044.67,NA,108.094,12.9,NA,NA,NA,NA,80.1,NA
"27939","MRT","Africa","Mauritania",2020,5,21,131,50,17.429,4,0,0.286,28.174,10.753,3.748,0.86,0,0.061,NA,NA,NA,NA,NA,NA,NA,NA,"",77.78,4649660,4.289,20.3,3.138,1.792,3597.633,6,232.347,2.42,NA,NA,15.95,NA,64.92,0.52
"40375","UKR","Europe","Ukraine",2020,5,31,23204,393,374.857,696,17,13,530.574,8.986,8.571,15.914,0.389,0.297,NA,NA,NA,NA,9515,0.218,25.383,0.039,"tests performed",79.63,43733759,77.39,41.4,16.462,11.133,7894.393,0.1,539.849,7.11,13.5,47.4,NA,8.8,72.06,0.751
"1075","AND","Europe","Andorra",2020,6,11,852,0,0.143,51,0,0,11026.985,0,1.849,660.066,0,0,NA,NA,NA,NA,NA,NA,NA,NA,"",38.89,77265,163.755,NA,NA,NA,NA,NA,109.135,7.97,29,37.8,NA,NA,83.73,0.858
"19677","ISL","Europe","Iceland",2020,1,4,0,0,NA,0,0,NA,0,0,NA,0,0,NA,NA,NA,NA,NA,NA,NA,NA,NA,"",0,341250,3.404,37.3,14.431,9.207,46482.958,0.2,117.992,5.31,14.3,15.2,NA,2.91,82.99,0.935
"34884","SGP","Asia","Singapore",2020,1,20,0,0,0,0,0,0,0,0,0,0,0,0,NA,NA,NA,NA,NA,NA,NA,NA,"",13.89,5850343,7915.731,42.4,12.922,7.049,85535.383,NA,92.243,10.99,5.2,28.3,NA,2.4,83.62,0.932
"8870","CPV","Africa","Cape Verde",2020,4,17,55,0,6.857,1,0,0,98.923,0,12.333,1.799,0,0,NA,NA,NA,NA,NA,NA,NA,NA,"",79.63,555988,135.58,25.7,4.46,3.437,6222.554,NA,182.219,2.42,2.1,16.5,NA,2.1,72.98,0.654
"26007","MDV","Asia","Maldives",2020,7,12,2664,47,32.714,13,0,0.429,4928.387,86.95,60.521,24.05,0,0.793,1602,61819,114.365,2.964,812,1.502,24.821,0.04,"samples tested",NA,540542,1454.433,30.6,4.12,2.875,15183.616,NA,164.905,9.19,2.1,55,95.803,NA,78.92,0.717
"32941","PRY","South America","Paraguay",2020,8,31,17195,721,566,308,14,14.714,2410.786,101.086,79.355,43.182,1.963,2.063,2296,192465,26.984,0.322,2402,0.337,4.244,0.236,"tests performed",81.48,7132530,17.144,26.5,6.378,3.833,8827.01,1.7,199.128,8.27,5,21.6,79.602,1.3,74.25,0.702
"35381","SLV","North America","El Salvador",2020,6,18,4066,125,113.143,82,4,2.571,626.869,19.272,17.444,12.642,0.617,0.396,2419,135570,20.901,0.373,2441,0.376,21.574,0.046,"tests performed",90.74,6486201,307.811,27.6,8.273,5.417,7292.458,2.2,167.295,8.87,2.5,18.8,90.65,1.3,73.32,0.674
"6310","BTN","Asia","Bhutan",2020,4,28,7,0,0.143,0,0,0,9.072,0,0.185,0,0,0,NA,NA,NA,NA,NA,NA,NA,NA,"",83.33,771612,21.188,28.6,4.885,2.977,8708.597,1.5,217.066,9.75,NA,NA,79.807,1.7,71.78,0.612
"35917","SRB","Europe","Serbia",2020,3,3,NA,NA,NA,NA,NA,NA,NA,NA,NA,NA,NA,NA,1,46,0.007,0,NA,NA,NA,NA,"people tested",13.89,6804596,80.291,41.2,17.366,NA,14048.881,NA,439.415,10.08,37.7,40.2,97.719,5.609,76,0.787
"22400","KOR","Asia","South Korea",2020,5,22,11142,20,17.714,264,0,0.571,217.324,0.39,0.346,5.149,0,0.011,11537,782132,15.255,0.225,10751,0.21,606.911,0.002,"people tested",39.81,51269183,527.967,43.4,13.914,8.622,35938.374,0.2,85.998,6.8,6.2,40.9,NA,12.27,83.03,0.903
"9760","CYP","Europe","Cyprus",2020,3,16,30,9,4.286,0,0,0,34.251,10.275,4.893,0,0,0,NA,NA,NA,NA,NA,NA,NA,NA,"",51.85,875899,127.657,37.3,13.416,8.563,32415.132,NA,141.171,9.24,19.6,52.7,NA,3.4,80.98,0.869
"32220","POL","Europe","Poland",2020,3,24,749,115,81.714,8,1,0.571,19.79,3.039,2.159,0.211,0.026,0.015,NA,NA,NA,NA,NA,NA,NA,NA,"",57.41,37846605,124.027,41.8,16.763,10.202,27216.445,NA,227.331,5.91,23.3,33.1,NA,6.62,78.73,0.865
"19670","IRQ","Asia","Iraq",2020,9,12,282672,4254,4371,7881,67,74.571,7027.708,105.762,108.671,195.935,1.666,1.854,NA,NA,NA,NA,NA,NA,NA,NA,"",NA,40222503,88.125,20,3.186,1.957,15663.986,2.5,218.612,8.83,NA,NA,94.576,1.4,70.6,0.685
"3944","BGD","Asia","Bangladesh",2020,7,4,156391,3114,3702.429,1968,42,43.857,949.612,18.908,22.481,11.95,0.255,0.266,14727,835074,5.071,0.089,17139,0.104,4.629,0.216,"samples tested",74.54,164689383,1265.036,27.5,5.098,3.262,3523.984,14.8,298.003,8.38,1,44.7,34.808,0.8,72.59,0.608
"18245","IDN","Asia","Indonesia",2020,2,14,0,0,0,0,0,0,0,0,0,0,0,0,NA,NA,NA,NA,NA,NA,NA,NA,"",28.7,273523621,145.725,29.3,5.319,3.053,11188.744,5.7,342.864,6.32,2.8,76.1,64.204,1.04,71.72,0.694
"33851","RUS","Europe","Russia",2020,1,5,0,0,NA,0,0,NA,0,0,NA,0,0,NA,NA,NA,NA,NA,NA,NA,NA,NA,"",0,145934460,8.823,39.6,14.178,9.393,24765.954,0.1,431.297,6.18,23.4,58.3,NA,8.05,72.58,0.816
"41395","VCT","North America","Saint Vincent and the Grenadines",2020,6,26,29,0,0,0,0,0,261.386,0,0,0,0,0,NA,NA,NA,NA,NA,NA,NA,NA,"",NA,110947,281.787,31.8,7.724,4.832,10727.146,NA,252.675,11.62,NA,NA,NA,2.6,72.53,0.723
"30976","OMN","Asia","Oman",2020,4,28,2049,51,77.286,10,0,0.286,401.244,9.987,15.134,1.958,0,0.056,NA,NA,NA,NA,NA,NA,NA,NA,"",92.59,5106622,14.98,30.7,2.355,1.53,37960.709,NA,266.342,12.61,0.5,15.6,97.4,1.6,77.86,0.821
"16636","GRD","North America","Grenada",2020,9,12,24,0,0,0,0,0,213.297,0,0,0,0,0,NA,NA,NA,NA,NA,NA,NA,NA,"",NA,112519,317.132,29.4,7.304,5.021,13593.877,NA,243.964,10.71,NA,NA,NA,3.7,72.4,0.772
"12050","EGY","Africa","Egypt",2020,7,15,83930,929,950.143,4008,73,74.143,820.154,9.078,9.285,39.166,0.713,0.725,NA,NA,NA,NA,NA,NA,NA,NA,"",60.19,102334403,97.999,25.3,5.159,2.891,10550.206,1.3,525.432,17.31,0.2,50.1,89.827,1.6,71.99,0.696
"10533","DJI","Africa","Djibouti",2020,5,30,2914,0,92,20,0,1.429,2949.387,0,93.117,20.243,0,1.446,NA,NA,NA,NA,NA,NA,NA,NA,"",53.7,988002,41.285,25.4,4.213,2.38,2705.406,22.5,258.037,6.05,1.7,24.5,NA,1.4,67.11,0.476
"12859","EST","Europe","Estonia",2020,6,18,1977,2,2.714,63,0,0,1490.344,1.508,2.046,47.492,0,0,1355,101740,76.696,1.021,1004,0.757,369.895,0.003,"tests performed",37.96,1326539,31.033,42.7,19.452,13.491,29481.252,0.5,255.569,4.02,24.5,39.3,NA,4.69,78.74,0.871
"35703","SMR","Europe","San Marino",2020,8,20,710,0,0,42,0,0,20920.502,0,0,1237.551,0,0,NA,NA,NA,NA,NA,NA,NA,NA,"",33.33,33938,556.667,NA,NA,NA,56861.47,NA,NA,5.64,NA,NA,NA,3.8,84.97,NA
"23752","LIE","Europe","Liechtenstein",2020,3,14,4,0,0.429,0,0,0,104.885,0,11.238,0,0,0,NA,NA,NA,NA,NA,NA,NA,NA,"",NA,38137,237.012,NA,NA,NA,NA,NA,NA,7.77,NA,NA,NA,2.397,82.49,0.916
"13560","FJI","Oceania","Fiji",2020,7,16,26,0,0.714,0,0,0,29.003,0,0.797,0,0,0,NA,6328,7.059,NA,101,0.113,141.4,0.007,"tests performed",50.93,896444,49.562,28.6,6.224,3.284,8702.975,1.4,412.82,14.49,10.2,34.8,NA,2.3,67.44,0.741
"39609","TUR","Asia","Turkey",2020,7,12,211981,1016,1053,5344,21,19.714,2513.438,12.047,12.485,63.363,0.249,0.234,45232,3975455,47.137,0.536,48869,0.579,46.409,0.022,"tests performed",63.89,84339067,104.914,31.6,8.153,5.061,25129.341,0.2,171.285,12.13,14.1,41.1,NA,2.81,77.69,0.791
"10033","CZE","Europe","Czech Republic",2020,3,30,2829,166,237.714,16,5,2.143,264.171,15.501,22.198,1.494,0.467,0.2,5159,49327,4.606,0.482,4199,0.392,17.664,0.057,"tests performed",82.41,10708982,137.176,43.3,19.027,11.58,32605.906,NA,227.485,6.82,30.5,38.3,NA,6.63,79.38,0.888
"36161","SSD","Africa","South Sudan",2020,5,24,563,224,46.714,6,0,0.286,50.296,20.011,4.173,0.536,0,0.026,NA,NA,NA,NA,NA,NA,NA,NA,"",73.15,11193729,NA,19.2,3.441,2.032,1569.888,NA,280.775,10.43,NA,NA,NA,NA,57.85,0.388
"8565","COL","South America","Colombia",2020,4,26,5142,261,217.286,233,8,9.571,101.056,5.129,4.27,4.579,0.157,0.188,6053,87106,1.712,0.119,3490,0.069,16.062,0.062,"samples tested",87.04,50882884,44.223,32.2,7.646,4.312,13254.949,4.5,124.24,7.44,4.7,13.5,65.386,1.71,77.29,0.747
"42776","ZAF","Africa","South Africa",2020,7,23,394948,13150,11985.571,5940,572,212.429,6659.193,221.721,202.088,100.154,9.644,3.582,46632,2632106,44.38,0.786,43883,0.74,3.661,0.273,"people tested",80.56,59308690,46.754,27.3,5.344,3.053,12294.876,18.9,200.38,5.52,8.1,33.2,43.993,2.32,64.13,0.699
"5917","BRB","North America","Barbados",2020,4,11,67,1,3.143,4,1,0.571,233.148,3.48,10.937,13.919,3.48,1.988,NA,NA,NA,NA,NA,NA,NA,NA,"",88.89,287371,664.463,39.8,14.952,9.473,16978.068,NA,170.05,13.57,1.9,14.5,88.469,5.8,79.19,0.8
"23511","LBY","Africa","Libya",2020,7,24,2314,138,94.571,56,3,1.429,336.764,20.084,13.763,8.15,0.437,0.208,NA,NA,NA,NA,NA,NA,NA,NA,"",90.74,6871287,3.623,29,4.424,2.816,17881.509,NA,341.862,10.43,NA,NA,NA,3.7,72.91,0.706
"3597","BES","North America","Bonaire Sint Eustatius and Saba",2020,8,7,13,0,0.286,0,0,0,495.786,0,10.896,0,0,0,NA,NA,NA,NA,NA,NA,NA,NA,"",NA,26221,NA,NA,NA,NA,NA,NA,NA,NA,NA,NA,NA,NA,77.79,NA
"3551","BES","North America","Bonaire Sint Eustatius and Saba",2020,6,22,7,0,0,0,0,0,266.962,0,0,0,0,0,NA,NA,NA,NA,NA,NA,NA,NA,"",NA,26221,NA,NA,NA,NA,NA,NA,NA,NA,NA,NA,NA,NA,77.79,NA
"18976","IRL","Europe","Ireland",2020,3,20,557,191,69.571,3,1,0.286,112.803,38.681,14.09,0.608,0.203,0.058,1469,8872,1.797,0.298,NA,NA,NA,NA,"tests performed",48.15,4937796,69.874,38.7,13.928,8.678,67335.293,0.2,126.459,3.28,23,25.7,NA,2.96,82.3,0.938
"5633","BOL","South America","Bolivia",2020,9,14,126791,809,860.286,7344,47,48,10861.877,69.305,73.699,629.143,4.026,4.112,NA,NA,NA,NA,NA,NA,NA,NA,"",NA,11673029,10.202,25.4,6.704,4.393,6885.829,7.1,204.299,6.89,NA,NA,25.383,1.1,71.51,0.693
"26403","MKD","Europe","Macedonia",2020,3,12,NA,NA,0.857,NA,NA,0,NA,NA,0.411,NA,NA,0,NA,NA,NA,NA,NA,NA,NA,NA,"",NA,2083380,82.6,39.1,13.26,8.16,13111.214,5,322.688,10.08,NA,NA,NA,4.28,75.8,0.757
"41304","VCT","North America","Saint Vincent and the Grenadines",2020,3,27,1,0,0,0,0,0,9.013,0,0,0,0,0,NA,NA,NA,NA,NA,NA,NA,NA,"",NA,110947,281.787,31.8,7.724,4.832,10727.146,NA,252.675,11.62,NA,NA,NA,2.6,72.53,0.723
"33982","RUS","Europe","Russia",2020,5,15,252245,9974,10726.429,2305,93,97.143,1728.481,68.346,73.502,15.795,0.637,0.666,242392,6656340,45.612,1.661,204911,1.404,19.103,0.052,"tests performed",78.24,145934460,8.823,39.6,14.178,9.393,24765.954,0.1,431.297,6.18,23.4,58.3,NA,8.05,72.58,0.816
"13607","FJI","Oceania","Fiji",2020,9,1,28,0,0,2,0,0.143,31.235,0,0,2.231,0,0.159,19,8427,9.4,0.021,56,0.062,NA,0,"tests performed",48.15,896444,49.562,28.6,6.224,3.284,8702.975,1.4,412.82,14.49,10.2,34.8,NA,2.3,67.44,0.741
"9774","CYP","Europe","Cyprus",2020,3,30,214,35,17,6,1,0.857,244.32,39.959,19.409,6.85,1.142,0.979,NA,NA,NA,NA,NA,NA,NA,NA,"",92.59,875899,127.657,37.3,13.416,8.563,32415.132,NA,141.171,9.24,19.6,52.7,NA,3.4,80.98,0.869
"26111","MEX","North America","Mexico",2020,2,8,0,0,0,0,0,0,0,0,0,0,0,0,7,1224,0.009,0,29,0,NA,0,"people tested",0,128932753,66.444,29.3,6.857,4.321,17336.469,2.5,152.783,13.06,6.9,21.4,87.847,1.38,75.05,0.774
"19340","IRN","Asia","Iran",2020,7,3,232863,2652,2538.143,11106,148,139.429,2772.411,31.574,30.219,132.225,1.762,1.66,NA,1744958,20.775,NA,26727,0.318,10.53,0.095,"tests performed",45.37,83992953,49.831,32.4,5.44,3.182,19082.62,0.2,270.308,9.59,0.8,21.1,NA,1.5,76.68,0.798
"5676","BRA","South America","Brazil",2020,2,11,0,0,0,0,0,0,0,0,0,0,0,0,NA,NA,NA,NA,NA,NA,NA,NA,"",5.56,212559409,25.04,33.5,8.552,5.06,14103.452,3.4,177.961,8.11,10.1,17.9,NA,2.2,75.88,0.759
"36893","SVN","Europe","Slovenia",2020,6,3,1475,0,0.857,108,0,0.286,709.499,0,0.412,51.95,0,0.137,828,81333,39.122,0.398,589,0.283,687.167,0.001,"tests performed",33.33,2078932,102.619,44.5,19.062,12.93,31400.84,NA,153.493,7.25,20.1,25,NA,4.5,81.32,0.896
"17764","HRV","Europe","Croatia",2020,7,15,3827,52,79.286,119,0,0.857,932.217,12.667,19.313,28.987,0,0.209,1804,97724,23.805,0.439,1356,0.33,17.103,0.058,"people tested",26.85,4105268,73.726,44,19.724,13.053,22669.797,0.7,253.782,5.59,34.3,39.9,NA,5.54,78.49,0.831
"13316","FIN","Europe","Finland",2020,7,1,7214,5,8.429,328,0,0.143,1301.997,0.902,1.521,59.198,0,0.026,2678,253998,45.842,0.483,2040,0.368,242.034,0.004,"samples tested",32.41,5540718,18.136,42.8,21.228,13.264,40585.721,NA,153.507,5.76,18.3,22.6,NA,3.28,81.91,0.92
"43252","OWID_WRL","","World",2020,3,4,93318,2312,1760.143,3202,84,62.857,11.972,0.297,0.226,0.411,0.011,0.008,NA,NA,NA,NA,NA,NA,NA,NA,"",NA,7794798729,58.045,30.9,8.696,5.355,15469.207,10,233.07,8.51,6.434,34.635,60.13,2.705,72.58,NA
"32920","PRY","South America","Paraguay",2020,8,10,6907,202,180.429,75,3,3.286,968.38,28.321,25.297,10.515,0.421,0.461,1821,140236,19.661,0.255,1350,0.189,7.482,0.134,"tests performed",78.7,7132530,17.144,26.5,6.378,3.833,8827.01,1.7,199.128,8.27,5,21.6,79.602,1.3,74.25,0.702
"13209","FIN","Europe","Finland",2020,3,16,267,57,33.857,0,0,0,48.189,10.287,6.111,0,0,0,812,4078,0.736,0.147,443,0.08,13.084,0.076,"samples tested",54.63,5540718,18.136,42.8,21.228,13.264,40585.721,NA,153.507,5.76,18.3,22.6,NA,3.28,81.91,0.92
"13887","FRA","Europe","France",2020,4,11,90676,4342,3762.571,13197,987,955.714,1389.17,66.52,57.643,202.18,15.121,14.642,NA,NA,NA,NA,NA,NA,NA,NA,"",87.96,65273512,122.578,42,19.718,13.079,38605.671,NA,86.06,4.77,30.1,35.6,NA,5.98,82.66,0.901
"9521","CUW","North America","Curacao",2020,7,21,28,0,0.286,1,0,0,170.628,0,1.741,6.094,0,0,NA,NA,NA,NA,NA,NA,NA,NA,"",NA,164100,362.644,41.7,16.367,10.068,NA,NA,NA,11.62,NA,NA,NA,NA,78.88,NA
"15354","GIB","Europe","Gibraltar",2020,5,9,146,2,0.286,0,0,0,4333.502,59.363,8.48,0,0,0,NA,NA,NA,NA,NA,NA,NA,NA,"",75.93,33691,3457.1,NA,NA,NA,NA,NA,NA,NA,NA,NA,NA,NA,79.93,NA
"1185","ARE","Asia","United Arab Emirates",2020,1,14,0,0,0,0,0,0,0,0,0,0,0,0,NA,NA,NA,NA,NA,NA,NA,NA,"",0,9890400,112.442,34,1.144,0.526,67293.483,NA,317.84,17.26,1.2,37.4,NA,1.2,77.97,0.863
"41795","VGB","North America","British Virgin Islands",2020,8,9,9,0,0.143,1,0,0,297.649,0,4.725,33.072,0,0,NA,NA,NA,NA,NA,NA,NA,NA,"",58.33,30237,207.973,NA,NA,NA,NA,NA,NA,13.67,NA,NA,NA,NA,79.07,NA
"18802","IND","Asia","India",2020,6,13,308993,11458,10333.714,8884,386,320.286,223.907,8.303,7.488,6.438,0.28,0.232,151432,5658614,4.1,0.11,141747,0.103,13.717,0.073,"samples tested",76.85,1380004385,450.419,28.2,5.989,3.414,6426.674,21.2,282.28,10.39,1.9,20.6,59.55,0.53,69.66,0.64
"41372","VCT","North America","Saint Vincent and the Grenadines",2020,6,3,26,0,1.143,0,0,0,234.346,0,10.301,0,0,0,NA,NA,NA,NA,NA,NA,NA,NA,"",NA,110947,281.787,31.8,7.724,4.832,10727.146,NA,252.675,11.62,NA,NA,NA,2.6,72.53,0.723
"37144","SWE","Europe","Sweden",2020,5,26,34863,491,531.429,4407,42,49.429,3452.032,48.617,52.62,436.368,4.159,4.894,NA,NA,NA,NA,NA,NA,NA,NA,"",46.3,10099270,24.718,41,19.985,13.433,46949.283,0.5,133.982,4.79,18.8,18.9,NA,2.22,82.8,0.933
"37845","SYR","Asia","Syria",2020,4,22,42,3,1.857,3,0,0.143,2.4,0.171,0.106,0.171,0,0.008,NA,NA,NA,NA,NA,NA,NA,NA,"",86.11,17500657,NA,21.7,NA,2.577,NA,NA,376.264,NA,NA,NA,70.598,1.5,72.7,0.536
"24398","LTU","Europe","Lithuania",2020,3,19,33,8,4.286,0,0,0,12.122,2.939,1.574,0,0,0,NA,NA,NA,NA,125,0.046,29.167,0.034,"samples tested",81.48,2722291,45.135,43.5,19.002,13.778,29524.265,0.7,342.989,3.67,21.3,38,NA,6.56,75.93,0.858
"20245","ITA","Europe","Italy",2020,2,23,79,62,10.857,2,2,0.286,1.307,1.025,0.18,0.033,0.033,0.005,NA,NA,NA,NA,NA,NA,NA,NA,"",69.91,60461828,205.859,47.9,23.021,16.24,35220.084,2,113.151,4.78,19.8,27.8,NA,3.18,83.51,0.88
"20328","ITA","Europe","Italy",2020,5,16,223885,789,957.143,31610,242,201.286,3702.915,13.05,15.831,522.809,4.003,3.329,40657,1899767,31.421,0.672,36384,0.602,38.013,0.026,"people tested",66.67,60461828,205.859,47.9,23.021,16.24,35220.084,2,113.151,4.78,19.8,27.8,NA,3.18,83.51,0.88
"10341","DEU","Europe","Germany",2020,5,18,174697,342,731.714,7935,21,74,2085.089,4.082,8.733,94.708,0.251,0.883,NA,NA,NA,NA,60193,0.718,82.263,0.012,"tests performed",61.57,83783945,237.016,46.6,21.453,15.957,45229.245,NA,156.139,8.31,28.2,33.1,NA,8,81.33,0.936
"40491","URY","South America","Uruguay",2020,3,24,162,4,19,0,0,0,46.636,1.152,5.47,0,0,0,NA,NA,NA,NA,NA,NA,NA,NA,"",57.41,3473727,19.751,35.6,14.655,10.361,20551.409,0.1,160.708,6.93,14,19.9,NA,2.8,77.91,0.804
"15616","GIN","Africa","Guinea",2020,7,26,6927,60,62.286,42,0,0.429,527.458,4.569,4.743,3.198,0,0.033,NA,NA,NA,NA,NA,NA,NA,NA,"",69.44,13132792,51.755,19,3.135,1.733,1998.926,35.3,336.717,2.42,NA,NA,17.45,0.3,61.6,0.459
"10458","DEU","Europe","Germany",2020,9,12,258480,1630,1354.714,9347,5,3.286,3085.078,19.455,16.169,111.561,0.06,0.039,NA,NA,NA,NA,NA,NA,NA,NA,"",NA,83783945,237.016,46.6,21.453,15.957,45229.245,NA,156.139,8.31,28.2,33.1,NA,8,81.33,0.936
"41042","UZB","Asia","Uzbekistan",2020,7,11,12206,483,386.571,55,3,3.714,364.694,14.431,11.55,1.643,0.09,0.111,NA,NA,NA,NA,NA,NA,NA,NA,"",64.35,33469199,76.134,28.2,4.469,2.873,6253.104,NA,724.417,7.57,1.3,24.7,NA,4,71.72,0.71
"32042","PNG","Oceania","Papua New Guinea",2020,4,8,2,1,0.143,0,0,0,0.224,0.112,0.016,0,0,0,NA,NA,NA,NA,NA,NA,NA,NA,"",76.85,8947027,18.22,22.6,3.808,2.142,3823.194,NA,561.494,17.65,23.5,48.8,NA,NA,64.5,0.544
"12995","ETH","Africa","Ethiopia",2020,4,30,130,4,2,3,0,0,1.131,0.035,0.017,0.026,0,0,1408,17842,0.155,0.012,1015,0.009,507.5,0.002,"tests performed",80.56,114963583,104.957,19.8,3.526,2.063,1729.927,26.7,182.634,7.47,0.4,8.5,7.96,0.3,66.6,0.463
"41664","VGB","North America","British Virgin Islands",2020,3,31,3,1,NA,0,0,NA,99.216,33.072,NA,0,0,NA,NA,NA,NA,NA,NA,NA,NA,NA,"",72.22,30237,207.973,NA,NA,NA,NA,NA,NA,13.67,NA,NA,NA,NA,79.07,NA
"22939","LAO","Asia","Laos",2020,9,5,22,0,0,0,0,0,3.024,0,0,0,0,0,NA,NA,NA,NA,NA,NA,NA,NA,"",32.41,7275556,29.715,24.4,4.029,2.322,6397.36,22.7,368.111,4,7.3,51.2,49.839,1.5,67.92,0.601
"20765","JEY","Europe","Jersey",2020,7,27,332,0,0.143,31,0,0,3284.755,0,1.413,306.709,0,0,NA,NA,NA,NA,NA,NA,NA,NA,"",NA,101073,NA,NA,NA,NA,NA,NA,NA,NA,NA,NA,NA,NA,NA,NA
"2681","AZE","Asia","Azerbaijan",2020,3,18,28,9,2.429,0,0,0,2.762,0.888,0.24,0,0,0,NA,NA,NA,NA,NA,NA,NA,NA,"",52.78,10139175,119.309,32.4,6.018,3.871,15847.419,NA,559.812,7.11,0.3,42.5,83.241,4.7,73,0.757
"35779","SOM","Africa","Somalia",2020,5,6,835,79,43.857,38,3,1.429,52.538,4.971,2.759,2.391,0.189,0.09,NA,NA,NA,NA,NA,NA,NA,NA,"",60.19,15893219,23.5,16.8,2.731,1.496,NA,NA,365.769,6.05,NA,NA,9.831,0.9,57.4,NA
"22233","KNA","North America","Saint Kitts and Nevis",2020,8,22,17,0,0,0,0,0,319.597,0,0,0,0,0,NA,NA,NA,NA,NA,NA,NA,NA,"",NA,53192,212.865,NA,NA,NA,24654.385,NA,NA,12.84,NA,NA,NA,2.3,76.23,0.778
"37216","SWE","Europe","Sweden",2020,8,6,78200,425,260.571,5775,3,2.286,7743.134,42.082,25.801,571.824,0.297,0.226,7674,NA,NA,0.76,7628,0.755,29.274,0.034,"samples tested",37.04,10099270,24.718,41,19.985,13.433,46949.283,0.5,133.982,4.79,18.8,18.9,NA,2.22,82.8,0.933
"17096","GUM","Oceania","Guam",2020,6,21,222,22,5.286,5,0,0,1315.298,130.345,31.317,29.624,0,0,NA,NA,NA,NA,NA,NA,NA,NA,"",63.89,168783,304.128,31.4,9.551,5.493,NA,NA,310.496,21.52,NA,NA,NA,NA,80.07,NA
"16477","GRD","North America","Grenada",2020,4,6,12,0,0.429,0,0,0,106.649,0,3.809,0,0,0,NA,NA,NA,NA,NA,NA,NA,NA,"",NA,112519,317.132,29.4,7.304,5.021,13593.877,NA,243.964,10.71,NA,NA,NA,3.7,72.4,0.772
"29704","NIC","North America","Nicaragua",2020,5,21,25,0,0,8,0,0,3.774,0,0,1.208,0,0,NA,NA,NA,NA,NA,NA,NA,NA,"",11.11,6624554,51.667,27.3,5.445,3.519,5321.444,3.2,137.016,11.47,NA,NA,NA,0.9,74.48,0.658
"18564","IMN","Europe","Isle of Man",2020,7,4,336,0,0,24,0,0,3951.454,0,0,282.247,0,0,NA,NA,NA,NA,NA,NA,NA,NA,"",NA,85032,147.872,NA,NA,NA,NA,NA,NA,NA,NA,NA,NA,NA,81.4,NA
"28858","NAM","Africa","Namibia",2020,3,31,11,0,1.143,0,0,0,4.329,0,0.45,0,0,0,NA,NA,NA,NA,NA,NA,NA,NA,"",66.67,2540916,3.078,22,3.552,2.085,9541.808,13.4,243.811,3.94,9.7,34.2,44.6,NA,63.71,0.647
"19819","ISL","Europe","Iceland",2020,5,25,1804,0,0.286,10,0,0,5286.447,0,0.837,29.304,0,0,231,59046,173.029,0.677,271,0.794,948.5,0.001,"tests performed",36.11,341250,3.404,37.3,14.431,9.207,46482.958,0.2,117.992,5.31,14.3,15.2,NA,2.91,82.99,0.935
"30782","NZL","Oceania","New Zealand",2020,7,2,1180,2,1.571,22,0,0,244.7,0.415,0.326,4.562,0,0,3703,409032,84.822,0.768,4396,0.912,2797.455,0,"tests performed",22.22,4822233,18.206,37.9,15.322,9.72,36085.843,NA,128.797,8.08,14.8,17.2,NA,2.61,82.29,0.917
"40880","USA","North America","United States",2020,8,1,4562037,67023,64215.429,153314,1244,1109.714,13782.479,202.485,194.003,463.181,3.758,3.353,771677,64194489,193.94,2.331,830009,2.508,12.925,0.077,"tests performed",67.13,331002647,35.608,38.3,15.413,9.732,54225.446,1.2,151.089,10.79,19.1,24.6,NA,2.77,78.86,0.924
"21089","JPN","Asia","Japan",2020,3,22,1046,39,38,36,1,2,8.27,0.308,0.3,0.285,0.008,0.016,NA,NA,NA,NA,1422,0.011,37.421,0.027,"tests performed",40.74,126476458,347.778,48.2,27.049,18.493,39002.223,NA,79.37,5.72,11.2,33.7,NA,13.05,84.63,0.909
"25183","MAR","Africa","Morocco",2020,7,3,12969,333,233,229,1,1.714,351.363,9.022,6.313,6.204,0.027,0.046,16641,732494,19.845,0.451,16008,0.434,68.704,0.015,"people tested",64.81,36910558,80.08,29.6,6.769,4.209,7485.013,1,419.146,7.14,0.8,47.1,NA,1.1,76.68,0.667
"32565","PRI","North America","Puerto Rico",2020,9,14,37380,288,406.714,539,4,8.857,13066.092,100.67,142.166,188.406,1.398,3.096,NA,NA,NA,NA,NA,NA,NA,NA,"",NA,2860840,376.232,38.2,15.168,9.829,35044.67,NA,108.094,12.9,NA,NA,NA,NA,80.1,NA
"4876","BLR","Europe","Belarus",2020,2,11,0,0,0,0,0,0,0,0,0,0,0,0,NA,NA,NA,NA,NA,NA,NA,NA,"",0,9449321,46.858,40.3,14.799,9.788,17167.967,NA,443.129,5.18,10.5,46.1,NA,11,74.79,0.808
